species	genus	family	order	class	phylum	superkingdom
Acetanaerobacterium elongatum	Acetanaerobacterium	Ruminococcaceae	Clostridiales	Clostridia	Firmicutes	Bacteria
Acetatifactor muris	Acetatifactor	Lachnospiraceae	Clostridiales	Clostridia	Firmicutes	Bacteria
Acetitomaculum ruminis	Acetitomaculum	Lachnospiraceae	Clostridiales	Clostridia	Firmicutes	Bacteria
Acetivibrio ethanolgignens	Acetivibrio	Ruminococcaceae	Clostridiales	Clostridia	Firmicutes	Bacteria
Acutalibacter muris	Acutalibacter	Ruminococcaceae	Clostridiales	Clostridia	Firmicutes	Bacteria
Adlercreutzia equolifaciens	Adlercreutzia	Eggerthellaceae	Eggerthellales	Coriobacteriia	Actinobacteria	Bacteria
Adlercreutzia muris	Adlercreutzia	Eggerthellaceae	Eggerthellales	Coriobacteriia	Actinobacteria	Bacteria
Agathobaculum butyriciproducens	Agathobaculum	Ruminococcaceae	Clostridiales	Clostridia	Firmicutes	Bacteria
Agathobaculum desmolans	Agathobaculum	Ruminococcaceae	Clostridiales	Clostridia	Firmicutes	Bacteria
Akkermansia muciniphila	Akkermansia	Akkermansiaceae	Verrucomicrobiales	Verrucomicrobiae	Verrucomicrobia	Bacteria
Alistipes communis	Alistipes	Rikenellaceae	Bacteroidales	Bacteroidia	Bacteroidetes	Bacteria
Alistipes dispar	Alistipes	Rikenellaceae	Bacteroidales	Bacteroidia	Bacteroidetes	Bacteria
Alistipes finegoldii	Alistipes	Rikenellaceae	Bacteroidales	Bacteroidia	Bacteroidetes	Bacteria
Alistipes onderdonkii	Alistipes	Rikenellaceae	Bacteroidales	Bacteroidia	Bacteroidetes	Bacteria
Alistipes putredinis	Alistipes	Rikenellaceae	Bacteroidales	Bacteroidia	Bacteroidetes	Bacteria
Alistipes senegalensis	Alistipes	Rikenellaceae	Bacteroidales	Bacteroidia	Bacteroidetes	Bacteria
Alloprevotella rava	Alloprevotella	Prevotellaceae	Bacteroidales	Bacteroidia	Bacteroidetes	Bacteria
Alloprevotella sp. E39	Alloprevotella	Prevotellaceae	Bacteroidales	Bacteroidia	Bacteroidetes	Bacteria
Amedibacillus dolichus	Amedibacillus	Erysipelotrichaceae	Erysipelotrichales	Erysipelotrichia	Firmicutes	Bacteria
Aminipila butyrica	Aminipila	Clostridiales Family XIII. Incertae Sedis	Clostridiales	Clostridia	Firmicutes	Bacteria
Aminipila sp. JN-18	Aminipila	Clostridiales Family XIII. Incertae Sedis	Clostridiales	Clostridia	Firmicutes	Bacteria
Anabaena cylindrica	Anabaena	Nostocaceae	Nostocales		Cyanobacteria	Bacteria
Anaerobacterium chartisolvens	Anaerobacterium	Hungateiclostridiaceae	Clostridiales	Clostridia	Firmicutes	Bacteria
Anaerobutyricum hallii	Anaerobutyricum	Lachnospiraceae	Clostridiales	Clostridia	Firmicutes	Bacteria
Anaerococcus mediterraneensis	Anaerococcus	Peptoniphilaceae	Tissierellales	Tissierellia	Firmicutes	Bacteria
Anaerococcus prevotii	Anaerococcus	Peptoniphilaceae	Tissierellales	Tissierellia	Firmicutes	Bacteria
Anaerocolumna aminovalerica	Anaerocolumna	Lachnospiraceae	Clostridiales	Clostridia	Firmicutes	Bacteria
Anaerocolumna cellulosilytica	Anaerocolumna	Lachnospiraceae	Clostridiales	Clostridia	Firmicutes	Bacteria
Anaerocolumna jejuensis	Anaerocolumna	Lachnospiraceae	Clostridiales	Clostridia	Firmicutes	Bacteria
Anaerocolumna xylanovorans	Anaerocolumna	Lachnospiraceae	Clostridiales	Clostridia	Firmicutes	Bacteria
Anaerofustis stercorihominis	Anaerofustis	Eubacteriaceae	Clostridiales	Clostridia	Firmicutes	Bacteria
Anaeromassilibacillus senegalensis	Anaeromassilibacillus	Ruminococcaceae	Clostridiales	Clostridia	Firmicutes	Bacteria
Anaerostipes butyraticus	Anaerostipes	Lachnospiraceae	Clostridiales	Clostridia	Firmicutes	Bacteria
Anaerostipes hadrus	Anaerostipes	Lachnospiraceae	Clostridiales	Clostridia	Firmicutes	Bacteria
Anaerostipes rhamnosivorans	Anaerostipes	Lachnospiraceae	Clostridiales	Clostridia	Firmicutes	Bacteria
Anaerotaenia torta	Anaerotaenia	Lachnospiraceae	Clostridiales	Clostridia	Firmicutes	Bacteria
Anaerotignum aminivorans	Anaerotignum	Lachnospiraceae	Clostridiales	Clostridia	Firmicutes	Bacteria
Anaerotignum faecicola	Anaerotignum	Lachnospiraceae	Clostridiales	Clostridia	Firmicutes	Bacteria
Anaerotignum lactatifermentans	Anaerotignum	Lachnospiraceae	Clostridiales	Clostridia	Firmicutes	Bacteria
Anaerotignum propionicum	Anaerotignum	Lachnospiraceae	Clostridiales	Clostridia	Firmicutes	Bacteria
Anaerotruncus colihominis	Anaerotruncus	Ruminococcaceae	Clostridiales	Clostridia	Firmicutes	Bacteria
Anaerotruncus rubiinfantis	Anaerotruncus	Ruminococcaceae	Clostridiales	Clostridia	Firmicutes	Bacteria
Anaerovorax odorimutans	Anaerovorax	Clostridiales Family XIII. Incertae Sedis	Clostridiales	Clostridia	Firmicutes	Bacteria
Azospira sp. I09	Azospira	Rhodocyclaceae	Rhodocyclales	Betaproteobacteria	Proteobacteria	Bacteria
Bacillus anthracis	Bacillus	Bacillaceae	Bacillales	Bacilli	Firmicutes	Bacteria
Bacteroides acidifaciens	Bacteroides	Bacteroidaceae	Bacteroidales	Bacteroidia	Bacteroidetes	Bacteria
Bacteroides sp. A1C1	Bacteroides	Bacteroidaceae	Bacteroidales	Bacteroidia	Bacteroidetes	Bacteria
Bacteroides uniformis	Bacteroides	Bacteroidaceae	Bacteroidales	Bacteroidia	Bacteroidetes	Bacteria
Bariatricus massiliensis	Bariatricus	Lachnospiraceae	Clostridiales	Clostridia	Firmicutes	Bacteria
Barnesiella intestinihominis	Barnesiella	Barnesiellaceae	Bacteroidales	Bacteroidia	Bacteroidetes	Bacteria
Barnesiella viscericola	Barnesiella	Barnesiellaceae	Bacteroidales	Bacteroidia	Bacteroidetes	Bacteria
Blautia coccoides	Blautia	Lachnospiraceae	Clostridiales	Clostridia	Firmicutes	Bacteria
Blautia glucerasea	Blautia	Lachnospiraceae	Clostridiales	Clostridia	Firmicutes	Bacteria
Blautia hansenii	Blautia	Lachnospiraceae	Clostridiales	Clostridia	Firmicutes	Bacteria
Blautia hominis	Blautia	Lachnospiraceae	Clostridiales	Clostridia	Firmicutes	Bacteria
Blautia hydrogenotrophica	Blautia	Lachnospiraceae	Clostridiales	Clostridia	Firmicutes	Bacteria
Blautia luti	Blautia	Lachnospiraceae	Clostridiales	Clostridia	Firmicutes	Bacteria
Blautia marasmi	Blautia	Lachnospiraceae	Clostridiales	Clostridia	Firmicutes	Bacteria
Blautia producta	Blautia	Lachnospiraceae	Clostridiales	Clostridia	Firmicutes	Bacteria
Blautia schinkii	Blautia	Lachnospiraceae	Clostridiales	Clostridia	Firmicutes	Bacteria
Blautia sp. N6H1-15	Blautia	Lachnospiraceae	Clostridiales	Clostridia	Firmicutes	Bacteria
Blautia sp. SC05B48	Blautia	Lachnospiraceae	Clostridiales	Clostridia	Firmicutes	Bacteria
Blautia sp. YL58	Blautia	Lachnospiraceae	Clostridiales	Clostridia	Firmicutes	Bacteria
Blautia stercoris	Blautia	Lachnospiraceae	Clostridiales	Clostridia	Firmicutes	Bacteria
Breznakia pachnodae	Breznakia	Erysipelotrichaceae	Erysipelotrichales	Erysipelotrichia	Firmicutes	Bacteria
Burkholderiales bacterium YL45			Burkholderiales	Betaproteobacteria	Proteobacteria	Bacteria
Butyricicoccus faecihominis	Butyricicoccus	Clostridiaceae	Clostridiales	Clostridia	Firmicutes	Bacteria
Butyricicoccus pullicaecorum	Butyricicoccus	Clostridiaceae	Clostridiales	Clostridia	Firmicutes	Bacteria
Butyrivibrio crossotus	Butyrivibrio	Lachnospiraceae	Clostridiales	Clostridia	Firmicutes	Bacteria
Butyrivibrio fibrisolvens	Butyrivibrio	Lachnospiraceae	Clostridiales	Clostridia	Firmicutes	Bacteria
Butyrivibrio hungatei	Butyrivibrio	Lachnospiraceae	Clostridiales	Clostridia	Firmicutes	Bacteria
Butyrivibrio proteoclasticus	Butyrivibrio	Lachnospiraceae	Clostridiales	Clostridia	Firmicutes	Bacteria
Caecibacterium sporoformans	Caecibacterium	Lachnospiraceae	Clostridiales	Clostridia	Firmicutes	Bacteria
Candidatus Desulfovibrio trichonymphae	Desulfovibrio	Desulfovibrionaceae	Desulfovibrionales	Deltaproteobacteria	Proteobacteria	Bacteria
Candidatus Saccharibacteria bacterium oral taxon 955					Candidatus Saccharibacteria	Bacteria
Caproiciproducens galactitolivorans	Caproiciproducens	Ruminococcaceae	Clostridiales	Clostridia	Firmicutes	Bacteria
Caproiciproducens sp. NJN-50	Caproiciproducens	Ruminococcaceae	Clostridiales	Clostridia	Firmicutes	Bacteria
Catabacter hongkongensis	Catabacter	Catabacteriaceae	Clostridiales	Clostridia	Firmicutes	Bacteria
Catonella morbi	Catonella	Lachnospiraceae	Clostridiales	Clostridia	Firmicutes	Bacteria
Christensenella massiliensis	Christensenella	Christensenellaceae	Clostridiales	Clostridia	Firmicutes	Bacteria
Christensenella minuta	Christensenella	Christensenellaceae	Clostridiales	Clostridia	Firmicutes	Bacteria
Christensenella timonensis	Christensenella	Christensenellaceae	Clostridiales	Clostridia	Firmicutes	Bacteria
Clostridiales bacterium			Clostridiales	Clostridia	Firmicutes	Bacteria
Clostridiales bacterium CCNA10			Clostridiales	Clostridia	Firmicutes	Bacteria
Clostridium sp. BNL1100	Clostridium	Clostridiaceae	Clostridiales	Clostridia	Firmicutes	Bacteria
Clostridium sp. SY8519	Clostridium	Clostridiaceae	Clostridiales	Clostridia	Firmicutes	Bacteria
Colidextribacter massiliensis	Colidextribacter		Clostridiales	Clostridia	Firmicutes	Bacteria
Coprobacter fastidiosus	Coprobacter	Barnesiellaceae	Bacteroidales	Bacteroidia	Bacteroidetes	Bacteria
Coprobacter secundus	Coprobacter	Barnesiellaceae	Bacteroidales	Bacteroidia	Bacteroidetes	Bacteria
Coprococcus comes	Coprococcus	Lachnospiraceae	Clostridiales	Clostridia	Firmicutes	Bacteria
Coprococcus eutactus	Coprococcus	Lachnospiraceae	Clostridiales	Clostridia	Firmicutes	Bacteria
Cronbergia siamensis	Cronbergia	Nostocaceae	Nostocales		Cyanobacteria	Bacteria
Cuneatibacter caecimuris	Cuneatibacter	Lachnospiraceae	Clostridiales	Clostridia	Firmicutes	Bacteria
Cyanobacterium aponinum	Cyanobacterium	Cyanobacteriaceae	Chroococcales		Cyanobacteria	Bacteria
Cyanobium gracile	Cyanobium	Synechococcaceae	Synechococcales		Cyanobacteria	Bacteria
Dechlorosoma suillum	Azospira	Rhodocyclaceae	Rhodocyclales	Betaproteobacteria	Proteobacteria	Bacteria
Dehalobacterium formicoaceticum	Dehalobacterium	Peptococcaceae	Clostridiales	Clostridia	Firmicutes	Bacteria
Desulfovibrio desulfuricans	Desulfovibrio	Desulfovibrionaceae	Desulfovibrionales	Deltaproteobacteria	Proteobacteria	Bacteria
Desulfovibrio fairfieldensis	Desulfovibrio	Desulfovibrionaceae	Desulfovibrionales	Deltaproteobacteria	Proteobacteria	Bacteria
Desulfovibrio piger	Desulfovibrio	Desulfovibrionaceae	Desulfovibrionales	Deltaproteobacteria	Proteobacteria	Bacteria
Drancourtella massiliensis	Drancourtella	Ruminococcaceae	Clostridiales	Clostridia	Firmicutes	Bacteria
Dubosiella newyorkensis	Dubosiella	Erysipelotrichaceae	Erysipelotrichales	Erysipelotrichia	Firmicutes	Bacteria
Duncaniella sp. B8	Duncaniella	Muribaculaceae	Bacteroidales	Bacteroidia	Bacteroidetes	Bacteria
Dysgonomonas mossii	Dysgonomonas	Dysgonomonadaceae	Bacteroidales	Bacteroidia	Bacteroidetes	Bacteria
Dysosmobacter welbionis	Dysosmobacter	Oscillospiraceae	Clostridiales	Clostridia	Firmicutes	Bacteria
Eisenbergiella massiliensis	Eisenbergiella	Lachnospiraceae	Clostridiales	Clostridia	Firmicutes	Bacteria
Eisenbergiella tayi	Eisenbergiella	Lachnospiraceae	Clostridiales	Clostridia	Firmicutes	Bacteria
Emergencia timonensis	Emergencia	Clostridiales Family XIII. Incertae Sedis	Clostridiales	Clostridia	Firmicutes	Bacteria
Enterocloster aldensis	Enterocloster	Lachnospiraceae	Clostridiales	Clostridia	Firmicutes	Bacteria
Enterocloster asparagiformis	Enterocloster	Lachnospiraceae	Clostridiales	Clostridia	Firmicutes	Bacteria
Enterocloster bolteae	Enterocloster	Lachnospiraceae	Clostridiales	Clostridia	Firmicutes	Bacteria
Enterocloster citroniae	Enterocloster	Lachnospiraceae	Clostridiales	Clostridia	Firmicutes	Bacteria
Enterocloster clostridioformis	Enterocloster	Lachnospiraceae	Clostridiales	Clostridia	Firmicutes	Bacteria
Enterocloster lavalensis	Enterocloster	Lachnospiraceae	Clostridiales	Clostridia	Firmicutes	Bacteria
Enterococcus faecalis	Enterococcus	Enterococcaceae	Lactobacillales	Bacilli	Firmicutes	Bacteria
Enterorhabdus caecimuris	Enterorhabdus	Eggerthellaceae	Eggerthellales	Coriobacteriia	Actinobacteria	Bacteria
Erysipelotrichaceae bacterium I46		Erysipelotrichaceae	Erysipelotrichales	Erysipelotrichia	Firmicutes	Bacteria
Ethanoligenens harbinense	Ethanoligenens	Ruminococcaceae	Clostridiales	Clostridia	Firmicutes	Bacteria
Eubacterium coprostanoligenes	Eubacterium	Eubacteriaceae	Clostridiales	Clostridia	Firmicutes	Bacteria
Eubacterium oxidoreducens	Eubacterium	Eubacteriaceae	Clostridiales	Clostridia	Firmicutes	Bacteria
Eubacterium ruminantium	Eubacterium	Eubacteriaceae	Clostridiales	Clostridia	Firmicutes	Bacteria
Eubacterium uniforme	Eubacterium	Eubacteriaceae	Clostridiales	Clostridia	Firmicutes	Bacteria
Eubacterium xylanophilum	Eubacterium	Eubacteriaceae	Clostridiales	Clostridia	Firmicutes	Bacteria
Extibacter muris	Extibacter	Lachnospiraceae	Clostridiales	Clostridia	Firmicutes	Bacteria
Faecalibaculum rodentium	Faecalibaculum	Erysipelotrichaceae	Erysipelotrichales	Erysipelotrichia	Firmicutes	Bacteria
Faecalicatena contorta	Faecalicatena	Lachnospiraceae	Clostridiales	Clostridia	Firmicutes	Bacteria
Faecalicatena fissicatena	Faecalicatena	Lachnospiraceae	Clostridiales	Clostridia	Firmicutes	Bacteria
Faecalicatena orotica	Faecalicatena	Lachnospiraceae	Clostridiales	Clostridia	Firmicutes	Bacteria
Faecalimonas umbilicata	Faecalimonas	Lachnospiraceae	Clostridiales	Clostridia	Firmicutes	Bacteria
Faecalitalea cylindroides	Faecalitalea	Erysipelotrichaceae	Erysipelotrichales	Erysipelotrichia	Firmicutes	Bacteria
Falcatimonas natans	Falcatimonas	Clostridiaceae	Clostridiales	Clostridia	Firmicutes	Bacteria
Flavonifractor plautii	Flavonifractor	Ruminococcaceae	Clostridiales	Clostridia	Firmicutes	Bacteria
Flintibacter butyricus	Flintibacter		Clostridiales	Clostridia	Firmicutes	Bacteria
Flintibacter sp. KGMB00164	Flintibacter		Clostridiales	Clostridia	Firmicutes	Bacteria
Fournierella massiliensis	Fournierella	Ruminococcaceae	Clostridiales	Clostridia	Firmicutes	Bacteria
Frisingicoccus caecimuris	Frisingicoccus	Lachnospiraceae	Clostridiales	Clostridia	Firmicutes	Bacteria
Fusicatenibacter saccharivorans	Fusicatenibacter	Lachnospiraceae	Clostridiales	Clostridia	Firmicutes	Bacteria
Gabonia massiliensis	Gabonia	Porphyromonadaceae	Bacteroidales	Bacteroidia	Bacteroidetes	Bacteria
Geminocystis sp. NIES-3708	Geminocystis	Chroococcaceae	Chroococcales		Cyanobacteria	Bacteria
Geminocystis sp. NIES-3709	Geminocystis	Chroococcaceae	Chroococcales		Cyanobacteria	Bacteria
Gloeobacter kilaueensis	Gloeobacter	Gloeobacteraceae	Gloeobacterales	Gloeobacteria	Cyanobacteria	Bacteria
Gloeobacter violaceus	Gloeobacter	Gloeobacteraceae	Gloeobacterales	Gloeobacteria	Cyanobacteria	Bacteria
Gloeocapsa sp. PCC 7428	Gloeocapsa	Chroococcaceae	Chroococcales		Cyanobacteria	Bacteria
Harryflintia acetispora	Harryflintia	Ruminococcaceae	Clostridiales	Clostridia	Firmicutes	Bacteria
Herbinix hemicellulosilytica	Herbinix	Lachnospiraceae	Clostridiales	Clostridia	Firmicutes	Bacteria
Herbinix luporum	Herbinix	Lachnospiraceae	Clostridiales	Clostridia	Firmicutes	Bacteria
Hespellia stercorisuis	Hespellia	Lachnospiraceae	Clostridiales	Clostridia	Firmicutes	Bacteria
Hungateiclostridiaceae bacterium KB18		Hungateiclostridiaceae	Clostridiales	Clostridia	Firmicutes	Bacteria
Hungateiclostridium aldrichii	Hungateiclostridium	Hungateiclostridiaceae	Clostridiales	Clostridia	Firmicutes	Bacteria
Hungateiclostridium alkalicellulosi	Hungateiclostridium	Hungateiclostridiaceae	Clostridiales	Clostridia	Firmicutes	Bacteria
Hungateiclostridium cellulolyticum	Hungateiclostridium	Hungateiclostridiaceae	Clostridiales	Clostridia	Firmicutes	Bacteria
Hungateiclostridium clariflavum	Hungateiclostridium	Hungateiclostridiaceae	Clostridiales	Clostridia	Firmicutes	Bacteria
Hungateiclostridium saccincola	Hungateiclostridium	Hungateiclostridiaceae	Clostridiales	Clostridia	Firmicutes	Bacteria
Hungateiclostridium straminisolvens	Hungateiclostridium	Hungateiclostridiaceae	Clostridiales	Clostridia	Firmicutes	Bacteria
Hungateiclostridium thermocellum	Hungateiclostridium	Hungateiclostridiaceae	Clostridiales	Clostridia	Firmicutes	Bacteria
Hungatella effluvii	Hungatella	Clostridiaceae	Clostridiales	Clostridia	Firmicutes	Bacteria
Hungatella hathewayi	Hungatella	Clostridiaceae	Clostridiales	Clostridia	Firmicutes	Bacteria
Hungatella xylanolytica	Hungatella	Clostridiaceae	Clostridiales	Clostridia	Firmicutes	Bacteria
Hydrogenoanaerobacterium saccharovorans	Hydrogenoanaerobacterium	Ruminococcaceae	Clostridiales	Clostridia	Firmicutes	Bacteria
Ihubacter massiliensis	Ihubacter	Clostridiales Family XIII. Incertae Sedis	Clostridiales	Clostridia	Firmicutes	Bacteria
Ileibacterium valens	Ileibacterium	Erysipelotrichaceae	Erysipelotrichales	Erysipelotrichia	Firmicutes	Bacteria
Intestinibacillus massiliensis	Intestinibacillus	Eubacteriaceae	Clostridiales	Clostridia	Firmicutes	Bacteria
Intestinimonas butyriciproducens	Intestinimonas		Clostridiales	Clostridia	Firmicutes	Bacteria
Jeotgalicoccus halotolerans	Jeotgalicoccus	Staphylococcaceae	Bacillales	Bacilli	Firmicutes	Bacteria
Kineothrix alysoides	Kineothrix	Lachnospiraceae	Clostridiales	Clostridia	Firmicutes	Bacteria
Laceyella sacchari	Laceyella	Thermoactinomycetaceae	Bacillales	Bacilli	Firmicutes	Bacteria
Lachnoclostridium pacaense	Lachnoclostridium	Lachnospiraceae	Clostridiales	Clostridia	Firmicutes	Bacteria
Lachnoclostridium phocaeense	Lachnoclostridium	Lachnospiraceae	Clostridiales	Clostridia	Firmicutes	Bacteria
Lachnoclostridium phytofermentans	Lachnoclostridium	Lachnospiraceae	Clostridiales	Clostridia	Firmicutes	Bacteria
Lachnoclostridium sp. YL32	Lachnoclostridium	Lachnospiraceae	Clostridiales	Clostridia	Firmicutes	Bacteria
Lachnospira eligens	Lachnospira	Lachnospiraceae	Clostridiales	Clostridia	Firmicutes	Bacteria
Lachnospira multipara	Lachnospira	Lachnospiraceae	Clostridiales	Clostridia	Firmicutes	Bacteria
Lachnospiraceae bacterium Choco86		Lachnospiraceae	Clostridiales	Clostridia	Firmicutes	Bacteria
Lachnospiraceae bacterium GAM79		Lachnospiraceae	Clostridiales	Clostridia	Firmicutes	Bacteria
Lachnospiraceae bacterium KGMB03038		Lachnospiraceae	Clostridiales	Clostridia	Firmicutes	Bacteria
Lachnotalea glycerini	Lachnotalea	Lachnospiraceae	Clostridiales	Clostridia	Firmicutes	Bacteria
Lacrimispora aerotolerans	Lacrimispora	Lachnospiraceae	Clostridiales	Clostridia	Firmicutes	Bacteria
Lacrimispora algidixylanolytica	Lacrimispora	Lachnospiraceae	Clostridiales	Clostridia	Firmicutes	Bacteria
Lacrimispora amygdalina	Lacrimispora	Lachnospiraceae	Clostridiales	Clostridia	Firmicutes	Bacteria
Lacrimispora celerecrescens	Lacrimispora	Lachnospiraceae	Clostridiales	Clostridia	Firmicutes	Bacteria
Lacrimispora indolis	Lacrimispora	Lachnospiraceae	Clostridiales	Clostridia	Firmicutes	Bacteria
Lacrimispora saccharolytica	Lacrimispora	Lachnospiraceae	Clostridiales	Clostridia	Firmicutes	Bacteria
Lacrimispora sphenoides	Lacrimispora	Lachnospiraceae	Clostridiales	Clostridia	Firmicutes	Bacteria
Lacrimispora xylanolytica	Lacrimispora	Lachnospiraceae	Clostridiales	Clostridia	Firmicutes	Bacteria
Lactobacillus animalis	Lactobacillus	Lactobacillaceae	Lactobacillales	Bacilli	Firmicutes	Bacteria
Lactobacillus apodemi	Lactobacillus	Lactobacillaceae	Lactobacillales	Bacilli	Firmicutes	Bacteria
Lactobacillus brevis	Lactobacillus	Lactobacillaceae	Lactobacillales	Bacilli	Firmicutes	Bacteria
Lactobacillus colini	Lactobacillus	Lactobacillaceae	Lactobacillales	Bacilli	Firmicutes	Bacteria
Lactobacillus delbrueckii	Lactobacillus	Lactobacillaceae	Lactobacillales	Bacilli	Firmicutes	Bacteria
Lactobacillus faecis	Lactobacillus	Lactobacillaceae	Lactobacillales	Bacilli	Firmicutes	Bacteria
Lactobacillus gasseri	Lactobacillus	Lactobacillaceae	Lactobacillales	Bacilli	Firmicutes	Bacteria
Lactobacillus hominis	Lactobacillus	Lactobacillaceae	Lactobacillales	Bacilli	Firmicutes	Bacteria
Lactobacillus johnsonii	Lactobacillus	Lactobacillaceae	Lactobacillales	Bacilli	Firmicutes	Bacteria
Lactobacillus murinus	Lactobacillus	Lactobacillaceae	Lactobacillales	Bacilli	Firmicutes	Bacteria
Lactobacillus rogosae	Lactobacillus	Lactobacillaceae	Lactobacillales	Bacilli	Firmicutes	Bacteria
Lactobacillus salivarius	Lactobacillus	Lactobacillaceae	Lactobacillales	Bacilli	Firmicutes	Bacteria
Lactobacillus taiwanensis	Lactobacillus	Lactobacillaceae	Lactobacillales	Bacilli	Firmicutes	Bacteria
Lactococcus lactis	Lactococcus	Streptococcaceae	Lactobacillales	Bacilli	Firmicutes	Bacteria
Lactonifactor longoviformis	Lactonifactor	Clostridiaceae	Clostridiales	Clostridia	Firmicutes	Bacteria
Lawsonia intracellularis	Lawsonia	Desulfovibrionaceae	Desulfovibrionales	Deltaproteobacteria	Proteobacteria	Bacteria
Leptolyngbya sp. PCC 7376	Leptolyngbya	Leptolyngbyaceae	Synechococcales		Cyanobacteria	Bacteria
Longibaculum muris	Longibaculum	Erysipelotrichaceae	Erysipelotrichales	Erysipelotrichia	Firmicutes	Bacteria
Macellibacteroides fermentans	Macellibacteroides	Porphyromonadaceae	Bacteroidales	Bacteroidia	Bacteroidetes	Bacteria
Mageeibacillus indolicus	Mageeibacillus	Hungateiclostridiaceae	Clostridiales	Clostridia	Firmicutes	Bacteria
Marseilla massiliensis	Marseilla	Prevotellaceae	Bacteroidales	Bacteroidia	Bacteroidetes	Bacteria
Marvinbryantia formatexigens	Marvinbryantia	Lachnospiraceae	Clostridiales	Clostridia	Firmicutes	Bacteria
Massiliprevotella massiliensis	Massiliprevotella	Prevotellaceae	Bacteroidales	Bacteroidia	Bacteroidetes	Bacteria
Massilistercora timonensis	Massilistercora		Clostridiales	Clostridia	Firmicutes	Bacteria
Mediterraneibacter glycyrrhizinilyticus	Mediterraneibacter	Lachnospiraceae	Clostridiales	Clostridia	Firmicutes	Bacteria
Metaprevotella massiliensis	Metaprevotella	Prevotellaceae	Bacteroidales	Bacteroidia	Bacteroidetes	Bacteria
Microbacterium lacus	Microbacterium	Microbacteriaceae	Micrococcales	Actinobacteria	Actinobacteria	Bacteria
Microbacterium saccharophilum	Microbacterium	Microbacteriaceae	Micrococcales	Actinobacteria	Actinobacteria	Bacteria
Mobilitalea sibirica	Mobilitalea	Lachnospiraceae	Clostridiales	Clostridia	Firmicutes	Bacteria
Monoglobus pectinilyticus	Monoglobus		Clostridiales	Clostridia	Firmicutes	Bacteria
Mordavella massiliensis	Mordavella	Clostridiaceae	Clostridiales	Clostridia	Firmicutes	Bacteria
Muribaculum intestinale	Muribaculum	Muribaculaceae	Bacteroidales	Bacteroidia	Bacteroidetes	Bacteria
Muricomes intestini	Muricomes	Lachnospiraceae	Clostridiales	Clostridia	Firmicutes	Bacteria
Murimonas intestini	Murimonas	Lachnospiraceae	Clostridiales	Clostridia	Firmicutes	Bacteria
Ndongobacter massiliensis	Ndongobacter				Firmicutes	Bacteria
Negativibacillus massiliensis	Negativibacillus	Ruminococcaceae	Clostridiales	Clostridia	Firmicutes	Bacteria
Neglecta timonensis	Neglecta	Ruminococcaceae	Clostridiales	Clostridia	Firmicutes	Bacteria
Olegusella massiliensis	Olegusella	Coriobacteriaceae	Coriobacteriales	Coriobacteriia	Actinobacteria	Bacteria
Olsenella profusa	Olsenella	Atopobiaceae	Coriobacteriales	Coriobacteriia	Actinobacteria	Bacteria
Olsenella sp. GAM18	Olsenella	Atopobiaceae	Coriobacteriales	Coriobacteriia	Actinobacteria	Bacteria
Olsenella sp. oral taxon 807	Olsenella	Atopobiaceae	Coriobacteriales	Coriobacteriia	Actinobacteria	Bacteria
Olsenella timonensis	Olsenella	Atopobiaceae	Coriobacteriales	Coriobacteriia	Actinobacteria	Bacteria
Olsenella uli	Olsenella	Atopobiaceae	Coriobacteriales	Coriobacteriia	Actinobacteria	Bacteria
Olsenella umbonata	Olsenella	Atopobiaceae	Coriobacteriales	Coriobacteriia	Actinobacteria	Bacteria
Oribacterium asaccharolyticum	Oribacterium	Lachnospiraceae	Clostridiales	Clostridia	Firmicutes	Bacteria
Oscillatoria nigro-viridis	Oscillatoria	Oscillatoriaceae	Oscillatoriales		Cyanobacteria	Bacteria
Oscillibacter ruminantium	Oscillibacter	Oscillospiraceae	Clostridiales	Clostridia	Firmicutes	Bacteria
Oscillibacter sp. PEA192	Oscillibacter	Oscillospiraceae	Clostridiales	Clostridia	Firmicutes	Bacteria
Oscillibacter valericigenes	Oscillibacter	Oscillospiraceae	Clostridiales	Clostridia	Firmicutes	Bacteria
Paludibacter propionicigenes	Paludibacter	Paludibacteraceae	Bacteroidales	Bacteroidia	Bacteroidetes	Bacteria
Paludicola psychrotolerans	Paludicola	Ruminococcaceae	Clostridiales	Clostridia	Firmicutes	Bacteria
Papillibacter cinnamivorans	Papillibacter	Ruminococcaceae	Clostridiales	Clostridia	Firmicutes	Bacteria
Parabacteroides chinchillae	Parabacteroides	Tannerellaceae	Bacteroidales	Bacteroidia	Bacteroidetes	Bacteria
Parabacteroides chongii	Parabacteroides	Tannerellaceae	Bacteroidales	Bacteroidia	Bacteroidetes	Bacteria
Parabacteroides distasonis	Parabacteroides	Tannerellaceae	Bacteroidales	Bacteroidia	Bacteroidetes	Bacteria
Parabacteroides goldsteinii	Parabacteroides	Tannerellaceae	Bacteroidales	Bacteroidia	Bacteroidetes	Bacteria
Parabacteroides johnsonii	Parabacteroides	Tannerellaceae	Bacteroidales	Bacteroidia	Bacteroidetes	Bacteria
Parabacteroides merdae	Parabacteroides	Tannerellaceae	Bacteroidales	Bacteroidia	Bacteroidetes	Bacteria
Parabacteroides sp. CT06	Parabacteroides	Tannerellaceae	Bacteroidales	Bacteroidia	Bacteroidetes	Bacteria
Paraprevotella xylaniphila	Paraprevotella	Prevotellaceae	Bacteroidales	Bacteroidia	Bacteroidetes	Bacteria
Parasporobacterium paucivorans	Parasporobacterium	Lachnospiraceae	Clostridiales	Clostridia	Firmicutes	Bacteria
Parasutterella excrementihominis	Parasutterella	Sutterellaceae	Burkholderiales	Betaproteobacteria	Proteobacteria	Bacteria
Parvibacter caecicola	Parvibacter	Coriobacteriaceae	Coriobacteriales	Coriobacteriia	Actinobacteria	Bacteria
Peptococcaceae bacterium DCMF		Peptococcaceae	Clostridiales	Clostridia	Firmicutes	Bacteria
Phocaeicola dorei	Phocaeicola		Bacteroidales	Bacteroidia	Bacteroidetes	Bacteria
Phocea massiliensis	Phocea	Ruminococcaceae	Clostridiales	Clostridia	Firmicutes	Bacteria
Planktothrix agardhii	Planktothrix	Microcoleaceae	Oscillatoriales		Cyanobacteria	Bacteria
Planktothrix spiroides	Planktothrix	Microcoleaceae	Oscillatoriales		Cyanobacteria	Bacteria
Porphyromonas gingivalis	Porphyromonas	Porphyromonadaceae	Bacteroidales	Bacteroidia	Bacteroidetes	Bacteria
Porphyromonas gulae	Porphyromonas	Porphyromonadaceae	Bacteroidales	Bacteroidia	Bacteroidetes	Bacteria
Prevotella baroniae	Prevotella	Prevotellaceae	Bacteroidales	Bacteroidia	Bacteroidetes	Bacteria
Prevotella buccalis	Prevotella	Prevotellaceae	Bacteroidales	Bacteroidia	Bacteroidetes	Bacteria
Prevotella colorans	Prevotella	Prevotellaceae	Bacteroidales	Bacteroidia	Bacteroidetes	Bacteria
Prevotella copri	Prevotella	Prevotellaceae	Bacteroidales	Bacteroidia	Bacteroidetes	Bacteria
Prevotella dentalis	Prevotella	Prevotellaceae	Bacteroidales	Bacteroidia	Bacteroidetes	Bacteria
Prevotella dentasini	Prevotella	Prevotellaceae	Bacteroidales	Bacteroidia	Bacteroidetes	Bacteria
Prevotella denticola	Prevotella	Prevotellaceae	Bacteroidales	Bacteroidia	Bacteroidetes	Bacteria
Prevotella jejuni	Prevotella	Prevotellaceae	Bacteroidales	Bacteroidia	Bacteroidetes	Bacteria
Prevotella koreensis	Prevotella	Prevotellaceae	Bacteroidales	Bacteroidia	Bacteroidetes	Bacteria
Prevotella loescheii	Prevotella	Prevotellaceae	Bacteroidales	Bacteroidia	Bacteroidetes	Bacteria
Prevotella maculosa	Prevotella	Prevotellaceae	Bacteroidales	Bacteroidia	Bacteroidetes	Bacteria
Prevotella marshii	Prevotella	Prevotellaceae	Bacteroidales	Bacteroidia	Bacteroidetes	Bacteria
Prevotella micans	Prevotella	Prevotellaceae	Bacteroidales	Bacteroidia	Bacteroidetes	Bacteria
Prevotella oralis	Prevotella	Prevotellaceae	Bacteroidales	Bacteroidia	Bacteroidetes	Bacteria
Prevotella oryzae	Prevotella	Prevotellaceae	Bacteroidales	Bacteroidia	Bacteroidetes	Bacteria
Prevotella paludivivens	Prevotella	Prevotellaceae	Bacteroidales	Bacteroidia	Bacteroidetes	Bacteria
Prevotella shahii	Prevotella	Prevotellaceae	Bacteroidales	Bacteroidia	Bacteroidetes	Bacteria
Prevotella stercorea	Prevotella	Prevotellaceae	Bacteroidales	Bacteroidia	Bacteroidetes	Bacteria
Prevotellamassilia timonensis	Prevotellamassilia	Prevotellaceae	Bacteroidales	Bacteroidia	Bacteroidetes	Bacteria
Proteus mirabilis	Proteus	Morganellaceae	Enterobacterales	Gammaproteobacteria	Proteobacteria	Bacteria
Pseudobutyrivibrio xylanivorans	Pseudobutyrivibrio	Lachnospiraceae	Clostridiales	Clostridia	Firmicutes	Bacteria
Pseudoclostridium thermosuccinogenes	Pseudoclostridium	Hungateiclostridiaceae	Clostridiales	Clostridia	Firmicutes	Bacteria
Pseudoflavonifractor capillosus	Pseudoflavonifractor	Ruminococcaceae	Clostridiales	Clostridia	Firmicutes	Bacteria
Pseudoflavonifractor phocaeensis	Pseudoflavonifractor	Ruminococcaceae	Clostridiales	Clostridia	Firmicutes	Bacteria
Robinsoniella peoriensis	Robinsoniella	Lachnospiraceae	Clostridiales	Clostridia	Firmicutes	Bacteria
Roseburia faecis	Roseburia	Lachnospiraceae	Clostridiales	Clostridia	Firmicutes	Bacteria
Roseburia hominis	Roseburia	Lachnospiraceae	Clostridiales	Clostridia	Firmicutes	Bacteria
Roseburia intestinalis	Roseburia	Lachnospiraceae	Clostridiales	Clostridia	Firmicutes	Bacteria
Roseburia inulinivorans	Roseburia	Lachnospiraceae	Clostridiales	Clostridia	Firmicutes	Bacteria
Ruminiclostridium cellobioparum	Ruminiclostridium	Hungateiclostridiaceae	Clostridiales	Clostridia	Firmicutes	Bacteria
Ruminiclostridium cellulolyticum	Ruminiclostridium	Hungateiclostridiaceae	Clostridiales	Clostridia	Firmicutes	Bacteria
Ruminiclostridium hungatei	Ruminiclostridium	Hungateiclostridiaceae	Clostridiales	Clostridia	Firmicutes	Bacteria
Ruminiclostridium sufflavum	Ruminiclostridium	Hungateiclostridiaceae	Clostridiales	Clostridia	Firmicutes	Bacteria
Ruminococcus albus	Ruminococcus	Ruminococcaceae	Clostridiales	Clostridia	Firmicutes	Bacteria
Ruminococcus callidus	Ruminococcus	Ruminococcaceae	Clostridiales	Clostridia	Firmicutes	Bacteria
Ruminococcus champanellensis	Ruminococcus	Ruminococcaceae	Clostridiales	Clostridia	Firmicutes	Bacteria
Ruminococcus gauvreauii	Ruminococcus	Ruminococcaceae	Clostridiales	Clostridia	Firmicutes	Bacteria
Ruminococcus sp. JE7A12	Ruminococcus	Ruminococcaceae	Clostridiales	Clostridia	Firmicutes	Bacteria
Ruthenibacterium lactatiformans	Ruthenibacterium	Ruminococcaceae	Clostridiales	Clostridia	Firmicutes	Bacteria
Schaedlerella arabinosiphila	Schaedlerella	Lachnospiraceae	Clostridiales	Clostridia	Firmicutes	Bacteria
Sedimentibacter acidaminivorans	Sedimentibacter			Tissierellia	Firmicutes	Bacteria
Shuttleworthia satelles	Shuttleworthia	Lachnospiraceae	Clostridiales	Clostridia	Firmicutes	Bacteria
Singulisphaera acidiphila	Singulisphaera	Isosphaeraceae	Isosphaerales	Planctomycetia	Planctomycetes	Bacteria
Spiroplasma eriocheiris	Spiroplasma	Spiroplasmataceae	Entomoplasmatales	Mollicutes	Tenericutes	Bacteria
Spiroplasma mirum	Spiroplasma	Spiroplasmataceae	Entomoplasmatales	Mollicutes	Tenericutes	Bacteria
Spiroplasma phoeniceum	Spiroplasma	Spiroplasmataceae	Entomoplasmatales	Mollicutes	Tenericutes	Bacteria
Spiroplasma sp. NBRC 100390	Spiroplasma	Spiroplasmataceae	Entomoplasmatales	Mollicutes	Tenericutes	Bacteria
Spiroplasma syrphidicola	Spiroplasma	Spiroplasmataceae	Entomoplasmatales	Mollicutes	Tenericutes	Bacteria
Sporobacterium olearium	Sporobacterium	Lachnospiraceae	Clostridiales	Clostridia	Firmicutes	Bacteria
Staphylococcus epidermidis	Staphylococcus	Staphylococcaceae	Bacillales	Bacilli	Firmicutes	Bacteria
Staphylococcus hominis	Staphylococcus	Staphylococcaceae	Bacillales	Bacilli	Firmicutes	Bacteria
Staphylococcus lentus	Staphylococcus	Staphylococcaceae	Bacillales	Bacilli	Firmicutes	Bacteria
Staphylococcus nepalensis	Staphylococcus	Staphylococcaceae	Bacillales	Bacilli	Firmicutes	Bacteria
Streptococcus danieliae	Streptococcus	Streptococcaceae	Lactobacillales	Bacilli	Firmicutes	Bacteria
Streptococcus equinus	Streptococcus	Streptococcaceae	Lactobacillales	Bacilli	Firmicutes	Bacteria
Streptococcus gallolyticus	Streptococcus	Streptococcaceae	Lactobacillales	Bacilli	Firmicutes	Bacteria
Streptococcus gordonii	Streptococcus	Streptococcaceae	Lactobacillales	Bacilli	Firmicutes	Bacteria
Streptococcus himalayensis	Streptococcus	Streptococcaceae	Lactobacillales	Bacilli	Firmicutes	Bacteria
Streptococcus koreensis	Streptococcus	Streptococcaceae	Lactobacillales	Bacilli	Firmicutes	Bacteria
Streptococcus salivarius	Streptococcus	Streptococcaceae	Lactobacillales	Bacilli	Firmicutes	Bacteria
Streptococcus sanguinis	Streptococcus	Streptococcaceae	Lactobacillales	Bacilli	Firmicutes	Bacteria
Streptococcus sp. A12	Streptococcus	Streptococcaceae	Lactobacillales	Bacilli	Firmicutes	Bacteria
Streptococcus sp. I-G2	Streptococcus	Streptococcaceae	Lactobacillales	Bacilli	Firmicutes	Bacteria
Streptococcus sp. I-P16	Streptococcus	Streptococcaceae	Lactobacillales	Bacilli	Firmicutes	Bacteria
Streptococcus suis	Streptococcus	Streptococcaceae	Lactobacillales	Bacilli	Firmicutes	Bacteria
Streptococcus thermophilus	Streptococcus	Streptococcaceae	Lactobacillales	Bacilli	Firmicutes	Bacteria
Subdoligranulum variabile	Subdoligranulum	Ruminococcaceae	Clostridiales	Clostridia	Firmicutes	Bacteria
Synechococcus sp. NIES-970	Synechococcus	Synechococcaceae	Synechococcales		Cyanobacteria	Bacteria
Syntrophococcus sucromutans	Syntrophococcus	Lachnospiraceae	Clostridiales	Clostridia	Firmicutes	Bacteria
Tannerella forsythia	Tannerella	Tannerellaceae	Bacteroidales	Bacteroidia	Bacteroidetes	Bacteria
Tannerella sp. oral taxon HOT-286	Tannerella	Tannerellaceae	Bacteroidales	Bacteroidia	Bacteroidetes	Bacteria
Tepidibaculum saccharolyticum	Tepidibaculum	Ruminococcaceae	Clostridiales	Clostridia	Firmicutes	Bacteria
Terrisporobacter mayombei	Terrisporobacter	Peptostreptococcaceae	Clostridiales	Clostridia	Firmicutes	Bacteria
Tyzzerella nexilis	Tyzzerella	Lachnospiraceae	Clostridiales	Clostridia	Firmicutes	Bacteria
Vampirovibrio chlorellavorus	Vampirovibrio		Vampirovibrionales		Candidatus Melainabacteria	Bacteria
[Bacteroides] pectinophilus			Clostridiales	Clostridia	Firmicutes	Bacteria
[Clostridium] aminophilum	Lachnoclostridium	Lachnospiraceae	Clostridiales	Clostridia	Firmicutes	Bacteria
[Clostridium] cellulosi		Ruminococcaceae	Clostridiales	Clostridia	Firmicutes	Bacteria
[Clostridium] fimetarium	Lachnoclostridium	Lachnospiraceae	Clostridiales	Clostridia	Firmicutes	Bacteria
[Clostridium] hylemonae	Lachnoclostridium	Lachnospiraceae	Clostridiales	Clostridia	Firmicutes	Bacteria
[Clostridium] leptum		Ruminococcaceae	Clostridiales	Clostridia	Firmicutes	Bacteria
[Clostridium] methoxybenzovorans	Lachnoclostridium	Lachnospiraceae	Clostridiales	Clostridia	Firmicutes	Bacteria
[Clostridium] methylpentosum		Ruminococcaceae	Clostridiales	Clostridia	Firmicutes	Bacteria
[Clostridium] polysaccharolyticum	Lachnoclostridium	Lachnospiraceae	Clostridiales	Clostridia	Firmicutes	Bacteria
[Clostridium] populeti	Lachnoclostridium	Lachnospiraceae	Clostridiales	Clostridia	Firmicutes	Bacteria
[Clostridium] scindens	Lachnoclostridium	Lachnospiraceae	Clostridiales	Clostridia	Firmicutes	Bacteria
[Clostridium] symbiosum	Lachnoclostridium	Lachnospiraceae	Clostridiales	Clostridia	Firmicutes	Bacteria
[Clostridium] viride		Ruminococcaceae	Clostridiales	Clostridia	Firmicutes	Bacteria
[Eubacterium] rectale		Lachnospiraceae	Clostridiales	Clostridia	Firmicutes	Bacteria
[Eubacterium] siraeum		Ruminococcaceae	Clostridiales	Clostridia	Firmicutes	Bacteria
[Ruminococcus] faecis	Mediterraneibacter	Lachnospiraceae	Clostridiales	Clostridia	Firmicutes	Bacteria
[Ruminococcus] gnavus	Mediterraneibacter	Lachnospiraceae	Clostridiales	Clostridia	Firmicutes	Bacteria
[Ruminococcus] torques	Mediterraneibacter	Lachnospiraceae	Clostridiales	Clostridia	Firmicutes	Bacteria
unassigned						
